{"cameraMode":{"drawMode":0,"name":"Shaded","section":"Shading Mode"},"sceneLighting":false,"audioPlay":false,"sceneViewState":{"showFog":true,"showMaterialUpdate":false,"showSkybox":false,"showFlares":true,"showImageEffects":true,"showParticleSystems":true},"in2DMode":false,"pivot":{"x":23.700000762939454,"y":5.711691856384277,"z":23.760000228881837},"rotation":{"x":-0.12281567603349686,"y":-0.6953573822975159,"z":0.12245097756385803,"w":-0.697438657283783},"size":2.8578836917877199,"orthographic":false}